<project xmlns="http://maven.apache.org/POM/4.0.0" xmlns:xsi="http://www.w3.org/2001/XMLSchema-instance"
		xsi:schemaLocation="http://maven.apache.org/POM/4.0.0 http://maven.apache.org/maven-v4_0_0.xsd">
	<modelVersion>4.0.0</modelVersion>
	<parent>
		<groupId>net.sf.jasperreports</groupId>
		<artifactId>jasperreports-parent</artifactId>
		<version>${revision}</version>
		<relativePath>../pom-parent.xml</relativePath>
	</parent>
	<artifactId>jasperreports-common</artifactId>
	<packaging>pom</packaging>
	<name>JasperReports Library Common</name>
	<description>Free Java Reporting Library</description>
	<url>http://jasperreports.sourceforge.net</url>
	<scm>
		<connection>${scmConnection}</connection>
		<tag>${revision}</tag>
		<url>${scmUrl}</url>
	</scm>
	<properties>
		<jasperreports.root.dir>${basedir}/../</jasperreports.root.dir>
		<maven.install.skip>false</maven.install.skip>
		<maven.source.skip>false</maven.source.skip>
		<maven.javadoc.skip>false</maven.javadoc.skip>
		<maven.deploy.skip>false</maven.deploy.skip>
	</properties>
	<dependencies>
		<dependency>
			<groupId>net.sf.jasperreports</groupId>
			<artifactId>jasperreports-metadata</artifactId>
			<version>${revision}</version>
			<scope>compile</scope>
			<optional>true</optional>
		</dependency>
		<dependency>
			<groupId>commons-logging</groupId>
			<artifactId>commons-logging</artifactId>
			<version>${commons-logging.version}</version>
			<scope>compile</scope>
			<optional>false</optional>
		</dependency>
		<dependency>
			<groupId>org.apache.commons</groupId>
			<artifactId>commons-collections4</artifactId>
			<version>${commons-collections4.version}</version>
			<scope>compile</scope>
			<optional>false</optional>
		</dependency>
		<dependency>
			<groupId>com.fasterxml.jackson.core</groupId>
			<artifactId>jackson-core</artifactId>
			<version>${jackson.version}</version>
			<scope>compile</scope>
			<optional>false</optional>
		</dependency>
		<dependency>
			<groupId>com.fasterxml.jackson.core</groupId>
			<artifactId>jackson-annotations</artifactId>
			<version>${jackson.version}</version>
			<scope>compile</scope>
			<optional>false</optional>
		</dependency>
		<dependency>
			<groupId>com.fasterxml.jackson.core</groupId>
			<artifactId>jackson-databind</artifactId>
			<version>${jackson.version}</version>
			<scope>compile</scope>
			<optional>false</optional>
		</dependency>
		<dependency>
			<groupId>com.fasterxml.jackson.dataformat</groupId>
			<artifactId>jackson-dataformat-xml</artifactId>
			<version>${jackson.version}</version>
			<scope>compile</scope>
			<optional>false</optional>
		</dependency>
		<dependency>
			<groupId>net.tascalate.javaflow</groupId>
			<artifactId>net.tascalate.javaflow.api</artifactId>
			<version>2.7.5</version>
			<scope>compile</scope>
			<optional>true</optional>
		</dependency>
		<dependency>
			<groupId>com.ibm.icu</groupId>
			<artifactId>icu4j</artifactId>
			<version>74.2</version>
			<scope>compile</scope>
			<optional>true</optional>
		</dependency>
		<dependency>
			<groupId>org.apache.xmlgraphics</groupId>
			<artifactId>batik-anim</artifactId>
			<version>${batik.version}</version>
			<scope>compile</scope>
			<optional>false</optional>
		</dependency>
		<dependency>
			<groupId>org.apache.xmlgraphics</groupId>
			<artifactId>batik-bridge</artifactId>
			<version>${batik.version}</version>
			<scope>compile</scope>
			<optional>false</optional>
			<!-- xml-apis requires xerces, so it must be excluded -->
			<exclusions>
				<exclusion>
					<groupId>xml-apis</groupId>
					<artifactId>xml-apis</artifactId>
				</exclusion>
				<exclusion>
					<groupId>xml-apis</groupId>
					<artifactId>xml-apis-ext</artifactId>
				</exclusion>
			</exclusions>
		</dependency>
		<dependency>
			<groupId>org.apache.xmlgraphics</groupId>
			<artifactId>batik-dom</artifactId>
			<version>${batik.version}</version>
			<scope>compile</scope>
			<optional>false</optional>
			<!-- xml-apis requires xerces, so it must be excluded -->
			<exclusions>
				<exclusion>
					<groupId>xml-apis</groupId>
					<artifactId>xml-apis</artifactId>
				</exclusion>
				<exclusion>
					<groupId>xml-apis</groupId>
					<artifactId>xml-apis-ext</artifactId>
				</exclusion>
			</exclusions>
		</dependency>
		<dependency>
			<groupId>org.apache.xmlgraphics</groupId>
			<artifactId>batik-svg-dom</artifactId>
			<version>${batik.version}</version>
			<scope>compile</scope>
			<optional>false</optional>
		</dependency>
		<dependency>
			<groupId>org.apache.xmlgraphics</groupId>
			<artifactId>batik-awt-util</artifactId>
			<version>${batik.version}</version>
			<scope>compile</scope>
			<optional>false</optional>
		</dependency>
		<dependency>
			<groupId>org.apache.xmlgraphics</groupId>
			<artifactId>batik-gvt</artifactId>
			<version>${batik.version}</version>
			<scope>compile</scope>
			<optional>false</optional>
		</dependency>
		<dependency>
			<groupId>org.apache.xmlgraphics</groupId>
			<artifactId>batik-util</artifactId>
			<version>${batik.version}</version>
			<scope>compile</scope>
			<optional>false</optional>
		</dependency>
		<dependency>
			<groupId>org.apache.xmlgraphics</groupId>
			<artifactId>batik-constants</artifactId>
			<version>${batik.version}</version>
			<scope>compile</scope>
			<optional>false</optional>
		</dependency>
		<dependency>
			<groupId>org.apache.xmlgraphics</groupId>
			<artifactId>batik-css</artifactId>
			<version>${batik.version}</version>
			<scope>compile</scope>
			<optional>false</optional>
		</dependency>
		<dependency>
			<groupId>xml-apis</groupId>
			<artifactId>xml-apis-ext</artifactId>
			<version>${xml-apis-ext.version}</version>
			<scope>compile</scope>
			<optional>false</optional>
		</dependency>
		<dependency>
			<groupId>commons-beanutils</groupId>
			<artifactId>commons-beanutils</artifactId>
			<version>${commons-beanutils.version}</version>
			<scope>compile</scope>
			<optional>false</optional>
		</dependency>
		<dependency>
			<groupId>com.drewnoakes</groupId>
			<artifactId>metadata-extractor</artifactId>
			<version>2.19.0</version>
			<scope>compile</scope>
			<optional>true</optional>
		</dependency>
	</dependencies>
	<build>
		<resources>
			<resource>
				<directory>src/main/resources</directory>
			</resource>
			<resource>
				<directory>src/main/resources/META-INF</directory>
				<includes>
					<include>**/*.MF</include>
				</includes>
				<targetPath>META-INF</targetPath>
				<filtering>true</filtering>
			</resource>
		</resources>
		<plugins>
			<plugin>
				<groupId>org.apache.maven.plugins</groupId>
				<artifactId>maven-compiler-plugin</artifactId>
				<version>${maven-compiler-plugin.version}</version>
				<configuration>
					<source>${source.version}</source>
					<target>${target.version}</target>
					<showWarnings>true</showWarnings>
					<fork>true</fork><!-- TODO lucianc is this ok? -->
					<compilerArgs>
						<arg>-AmetadataMessagesName=metadata_messages</arg>
						<arg>-ApropertiesDoc=config.reference.xml</arg>
						<arg>-Xlint:deprecation,-unchecked,-options</arg>
						<arg>-AconfigReferenceOut=${project.build.directory}/config.reference.xml</arg>
					</compilerArgs>
					<annotationProcessorPaths>
						<path>
							<groupId>net.sf.jasperreports</groupId>
							<artifactId>jasperreports-annotation-processors</artifactId>
							<version>${revision}</version>
						</path>
					</annotationProcessorPaths>
				</configuration>
			</plugin>
			<plugin>
				<groupId>org.apache.maven.plugins</groupId>
				<artifactId>maven-jar-plugin</artifactId>
				<version>${maven-jar-plugin.version}</version>
				<configuration>
					<archive>
						<manifestFile>${project.build.directory}/classes/META-INF/MANIFEST.MF</manifestFile>
					</archive>
				</configuration>
			</plugin>
			<plugin>
				<groupId>org.apache.maven.plugins</groupId>
				<artifactId>maven-javadoc-plugin</artifactId>
				<version>${maven-javadoc-plugin.version}</version>
				<configuration>
					<source>8</source>
					<quiet>true</quiet>
					<doclint>none</doclint>
				</configuration>
			</plugin>
		</plugins>
	</build>
</project>
